task_id	reason
llm_00040a3ad1c8	c3_unsolved_under_call_record_check
llm_00749079d596	c3_unsolved_under_call_record_check
llm_013aa97de1f0	c3_unsolved_under_call_record_check
llm_01a9498dd03c	c3_unsolved_under_call_record_check
llm_02fdae6dfd3a	c3_unsolved_under_call_record_check
llm_031bc31e1521	c3_unsolved_under_call_record_check
llm_037a14d2bd39	reference_call_record_unstable
llm_04b1390f9a50	c3_unsolved_under_call_record_check
llm_0606eb172d86	c3_unsolved_under_call_record_check
llm_077632476ed5	c3_unsolved_under_call_record_check
llm_078e0efcb931	c3_unsolved_under_call_record_check
llm_098c155a606b	c3_unsolved_under_call_record_check
llm_0a4cd40f7c00	c3_unsolved_under_call_record_check
llm_0a8d22c0ce7c	c3_unsolved_under_call_record_check
llm_0b672d9320c7	c3_unsolved_under_call_record_check
llm_0cc82e0cccdc	c3_unsolved_under_call_record_check
llm_0f0aa659de68	c3_unsolved_under_call_record_check
llm_0fb71144ebd1	c3_unsolved_under_call_record_check
llm_0fd2dc426167	c3_unsolved_under_call_record_check
llm_1191b3747544	c3_unsolved_under_call_record_check
llm_11a499914717	c3_unsolved_under_call_record_check
llm_1261b480382f	c3_unsolved_under_call_record_check
llm_12768cd5805b	c3_unsolved_under_call_record_check
llm_135067fa5b7e	c3_unsolved_under_call_record_check
llm_1414b2f414c6	c3_unsolved_under_call_record_check
llm_1440222a597c	c3_unsolved_under_call_record_check
llm_150835ed80e5	c3_unsolved_under_call_record_check
llm_15a9a813c5dd	c3_unsolved_under_call_record_check
llm_15eb7568fbf1	c3_unsolved_under_call_record_check
llm_17f9b0767467	c3_unsolved_under_call_record_check
llm_190a751c6edd	c3_unsolved_under_call_record_check
llm_19fded1abdd4	c3_unsolved_under_call_record_check
llm_1afd409f7d23	c3_unsolved_under_call_record_check
llm_1b3aeabee018	c3_unsolved_under_call_record_check
llm_1bc41145bed1	c3_unsolved_under_call_record_check
llm_1be9010edb56	c3_unsolved_under_call_record_check
llm_1c0250dfce8c	c3_unsolved_under_call_record_check
llm_1c0f4494a20b	c3_unsolved_under_call_record_check
llm_1c4d1d2a9e72	c3_unsolved_under_call_record_check
llm_1c60954f3d2e	c3_unsolved_under_call_record_check
llm_1d2d36f82edc	c3_unsolved_under_call_record_check
llm_1f46ad07e6c9	c3_unsolved_under_call_record_check
llm_1fa573472aac	c3_unsolved_under_call_record_check
llm_20c0a97f1cdb	c3_unsolved_under_call_record_check
llm_21056cdb175b	c3_unsolved_under_call_record_check
llm_218944059f90	c3_unsolved_under_call_record_check
llm_21f7d27efddf	c3_unsolved_under_call_record_check
llm_2200036099f6	c3_unsolved_under_call_record_check
llm_2214a9694f30	c3_unsolved_under_call_record_check
llm_2273efe016d5	c3_unsolved_under_call_record_check
llm_2408ac25181f	c3_unsolved_under_call_record_check
llm_26373a6a6adc	c3_unsolved_under_call_record_check
llm_26bebd0bd160	c3_unsolved_under_call_record_check
llm_2a33b9589531	c3_unsolved_under_call_record_check
llm_2aa98b6c0496	c3_unsolved_under_call_record_check
llm_2ae26b19070d	c3_unsolved_under_call_record_check
llm_2bbb6a81559b	c3_unsolved_under_call_record_check
llm_2c2be7161aeb	c3_unsolved_under_call_record_check
llm_2cbb158e40e4	c3_unsolved_under_call_record_check
llm_2d3407a6e2d1	c3_unsolved_under_call_record_check
llm_2d80d0dfcc41	c3_unsolved_under_call_record_check
llm_2e05ae8bcccd	c3_unsolved_under_call_record_check
llm_30451f2fd4e6	c3_unsolved_under_call_record_check
llm_313e97ce0833	c3_unsolved_under_call_record_check
llm_327c1e764d20	c3_unsolved_under_call_record_check
llm_3361b4340e39	c3_unsolved_under_call_record_check
llm_3413519693d0	c3_unsolved_under_call_record_check
llm_34bc9eda165d	c3_unsolved_under_call_record_check
llm_34cc0a817c8b	c3_unsolved_under_call_record_check
llm_34ddb317a671	c3_unsolved_under_call_record_check
llm_35290e8ad7b6	c3_unsolved_under_call_record_check
llm_35fd99ac9460	c3_unsolved_under_call_record_check
llm_36d874435a87	c3_unsolved_under_call_record_check
llm_38b41c672100	c3_unsolved_under_call_record_check
llm_3907f8729c36	c3_unsolved_under_call_record_check
llm_39a6143f20cb	c3_unsolved_under_call_record_check
llm_3a5b1caf5f6c	c3_unsolved_under_call_record_check
llm_3b3f43bacc11	c3_unsolved_under_call_record_check
llm_3bddf6521f81	c3_unsolved_under_call_record_check
llm_3ca022e1256b	c3_unsolved_under_call_record_check
llm_3d66b14ef450	c3_unsolved_under_call_record_check
llm_3d6afeadf5c0	c3_unsolved_under_call_record_check
llm_3d88a503aaa0	c3_unsolved_under_call_record_check
llm_3e0306ecf5df	c3_unsolved_under_call_record_check
llm_3f1b3bd92ef5	c3_unsolved_under_call_record_check
llm_3f826b03631f	c3_unsolved_under_call_record_check
llm_3fe57bbc1eaa	c3_unsolved_under_call_record_check
llm_400e3ed7fec9	c3_unsolved_under_call_record_check
llm_41914fa988fe	c3_unsolved_under_call_record_check
llm_426f69894375	c3_unsolved_under_call_record_check
llm_4395dd389df9	c3_unsolved_under_call_record_check
llm_442cbab3f2ff	c3_unsolved_under_call_record_check
llm_44d25462dd95	c3_unsolved_under_call_record_check
llm_44fac61667d8	c3_unsolved_under_call_record_check
llm_470a8b80af63	c3_unsolved_under_call_record_check
llm_474dd1033ec8	c3_unsolved_under_call_record_check
llm_47a3078b6c17	c3_unsolved_under_call_record_check
llm_4cc4dd1e84b4	c3_unsolved_under_call_record_check
llm_4dd8d87ec7c8	c3_unsolved_under_call_record_check
llm_4f771d6fb158	c3_unsolved_under_call_record_check
llm_4f79a689cbc7	c3_unsolved_under_call_record_check
llm_4f9723efeda4	c3_unsolved_under_call_record_check
llm_508fca7ffcdb	c3_unsolved_under_call_record_check
llm_517f7c250b9d	c3_unsolved_under_call_record_check
llm_51bbbbac802e	c3_unsolved_under_call_record_check
llm_52aa1b81f15c	c3_unsolved_under_call_record_check
llm_531ca9ef34c8	c3_unsolved_under_call_record_check
llm_538e4c8772e6	c3_unsolved_under_call_record_check
llm_539e90043a79	c3_unsolved_under_call_record_check
llm_546bb1a8d9a2	c3_unsolved_under_call_record_check
llm_564d77d80771	c3_unsolved_under_call_record_check
llm_57da5819a357	c3_unsolved_under_call_record_check
llm_5819ed8964a1	c3_unsolved_under_call_record_check
llm_5b1edbc42888	c3_unsolved_under_call_record_check
llm_5b4b0f729e78	c3_unsolved_under_call_record_check
llm_5bce13c6ada2	c3_unsolved_under_call_record_check
llm_5cae5d501ccc	c3_unsolved_under_call_record_check
llm_5cdd450842c6	c3_unsolved_under_call_record_check
llm_5d34bb94809c	c3_unsolved_under_call_record_check
llm_5e0769175fc7	c3_unsolved_under_call_record_check
llm_5e9a75cf77cc	c3_unsolved_under_call_record_check
llm_60838afb3bee	c3_unsolved_under_call_record_check
llm_61564efb0b7d	c3_unsolved_under_call_record_check
llm_63104e0bed97	c3_unsolved_under_call_record_check
llm_638b39bac8dc	c3_unsolved_under_call_record_check
llm_645246e444af	c3_unsolved_under_call_record_check
llm_663bbf2afdbc	c3_unsolved_under_call_record_check
llm_667883231425	c3_unsolved_under_call_record_check
llm_6739de00c109	c3_unsolved_under_call_record_check
llm_682290833bc2	c3_unsolved_under_call_record_check
llm_685e12068c27	c3_unsolved_under_call_record_check
llm_6959c4752cf0	c3_unsolved_under_call_record_check
llm_6a363a63f41c	c3_unsolved_under_call_record_check
llm_6b4d97b613e7	c3_unsolved_under_call_record_check
llm_6bd3002de74d	c3_unsolved_under_call_record_check
llm_6c2a4692f120	c3_unsolved_under_call_record_check
llm_6e64648fc1ac	c3_unsolved_under_call_record_check
llm_6f615444de29	c3_unsolved_under_call_record_check
llm_6fe959dd0f55	c3_unsolved_under_call_record_check
llm_704e72e5aedb	c3_unsolved_under_call_record_check
llm_72f8b1f0c07c	c3_unsolved_under_call_record_check
llm_737ab8a2ae27	c3_unsolved_under_call_record_check
llm_79dfb2e483fc	c3_unsolved_under_call_record_check
llm_7a6456e6463d	c3_unsolved_under_call_record_check
llm_7a79cb0df2b5	c3_unsolved_under_call_record_check
llm_7ae1be04fb2c	c3_unsolved_under_call_record_check
llm_7b171cf2bf6d	c3_unsolved_under_call_record_check
llm_7b82696d221f	c3_unsolved_under_call_record_check
llm_7c4266bcaee2	c3_unsolved_under_call_record_check
llm_7db6e7e8aef4	c3_unsolved_under_call_record_check
llm_7f433260ea16	c3_unsolved_under_call_record_check
llm_80b2dd6ebe24	c3_unsolved_under_call_record_check
llm_80e1aa529f5f	c3_unsolved_under_call_record_check
llm_811a183d68de	c3_unsolved_under_call_record_check
llm_831465c66b03	c3_unsolved_under_call_record_check
llm_8398c6b94b24	c3_unsolved_under_call_record_check
llm_86d630737c94	c3_unsolved_under_call_record_check
llm_88c7b0304a54	c3_unsolved_under_call_record_check
llm_88e38b2aa4d9	c3_unsolved_under_call_record_check
llm_88fa00aa4de2	c3_unsolved_under_call_record_check
llm_8bb690a59114	c3_unsolved_under_call_record_check
llm_8bf37ddc6098	c3_unsolved_under_call_record_check
llm_8c07618c8296	c3_unsolved_under_call_record_check
llm_8c2d1093a3a6	c3_unsolved_under_call_record_check
llm_8c3de2516270	c3_unsolved_under_call_record_check
llm_8c9b86ab7267	c3_unsolved_under_call_record_check
llm_8cdb7fef40e8	c3_unsolved_under_call_record_check
llm_8db3653ad2ca	c3_unsolved_under_call_record_check
llm_8e349782e0cd	c3_unsolved_under_call_record_check
llm_8ee70cb34e56	c3_unsolved_under_call_record_check
llm_8efae96e305e	c3_unsolved_under_call_record_check
llm_90883814c49c	c3_unsolved_under_call_record_check
llm_91bd9e7da9fd	c3_unsolved_under_call_record_check
llm_921845f60b1e	c3_unsolved_under_call_record_check
llm_9220328e96b6	c3_unsolved_under_call_record_check
llm_9338484039d8	c3_unsolved_under_call_record_check
llm_93d6150bc4b5	c3_unsolved_under_call_record_check
llm_93d706f4bcab	c3_unsolved_under_call_record_check
llm_94088bf1b764	c3_unsolved_under_call_record_check
llm_9491654e6b28	c3_unsolved_under_call_record_check
llm_94af16f198c8	c3_unsolved_under_call_record_check
llm_95cb05d0fcb1	c3_unsolved_under_call_record_check
llm_96015bc8de0c	c3_unsolved_under_call_record_check
llm_96c7abdeedc1	c3_unsolved_under_call_record_check
llm_96ee37de7d20	c3_unsolved_under_call_record_check
llm_9701bade522f	c3_unsolved_under_call_record_check
llm_97f1ad44225c	c3_unsolved_under_call_record_check
llm_98608cd9fbe4	c3_unsolved_under_call_record_check
llm_9964b386e93b	c3_unsolved_under_call_record_check
llm_9c3eda475e27	c3_unsolved_under_call_record_check
llm_9cc44b45f219	c3_unsolved_under_call_record_check
llm_9e1e3a4d0557	c3_unsolved_under_call_record_check
llm_9ed7524e6649	c3_unsolved_under_call_record_check
llm_9fdde72953f6	c3_unsolved_under_call_record_check
llm_9fe9118ba07a	c3_unsolved_under_call_record_check
llm_9ffe09aab99d	c3_unsolved_under_call_record_check
llm_a01a8a9ab9c6	c3_unsolved_under_call_record_check
llm_a020676311df	c3_unsolved_under_call_record_check
llm_a02cb17eb5b2	c3_unsolved_under_call_record_check
llm_a08930121712	c3_unsolved_under_call_record_check
llm_a112712a2e23	c3_unsolved_under_call_record_check
llm_a26ec33f33fd	c3_unsolved_under_call_record_check
llm_a2afedaf0173	c3_unsolved_under_call_record_check
llm_a33dad36e9c9	c3_unsolved_under_call_record_check
llm_a34df7c41ce4	c3_unsolved_under_call_record_check
llm_a508f341b9f5	c3_unsolved_under_call_record_check
llm_a592f18bcc44	c3_unsolved_under_call_record_check
llm_a5a35fa38996	c3_unsolved_under_call_record_check
llm_a5b409ec848d	c3_unsolved_under_call_record_check
llm_a5cb9caaa100	c3_unsolved_under_call_record_check
llm_a650bc28c617	c3_unsolved_under_call_record_check
llm_a729abe38454	c3_unsolved_under_call_record_check
llm_a73bccd5ea9c	c3_unsolved_under_call_record_check
llm_a74015077910	c3_unsolved_under_call_record_check
llm_a765904c59a8	c3_unsolved_under_call_record_check
llm_a93cc332150c	c3_unsolved_under_call_record_check
llm_a992f151076e	c3_unsolved_under_call_record_check
llm_aabfb7db1c56	c3_unsolved_under_call_record_check
llm_ab60bd570006	c3_unsolved_under_call_record_check
llm_aef1f5e6aad8	c3_unsolved_under_call_record_check
llm_b04cb352fa2d	reference_call_record_failed
llm_b0ac0b19ce7a	c3_unsolved_under_call_record_check
llm_b100f2ea3ea1	c3_unsolved_under_call_record_check
llm_b324535b018e	c3_unsolved_under_call_record_check
llm_b5ba28d759af	c3_unsolved_under_call_record_check
llm_b5d6e37ec39f	c3_unsolved_under_call_record_check
llm_b723606815ba	c3_unsolved_under_call_record_check
llm_b7a136b9e88e	c3_unsolved_under_call_record_check
llm_b7b08fa25c3a	c3_unsolved_under_call_record_check
llm_b8d5d1f394ca	c3_unsolved_under_call_record_check
llm_b95e178eff02	c3_unsolved_under_call_record_check
llm_ba01cb18ed9d	c3_unsolved_under_call_record_check
llm_bc5ed1a5546e	c3_unsolved_under_call_record_check
llm_bf67905b935f	c3_unsolved_under_call_record_check
llm_bfb58c1372bd	c3_unsolved_under_call_record_check
llm_c09a69ee28e7	c3_unsolved_under_call_record_check
llm_c0eb3678c890	c3_unsolved_under_call_record_check
llm_c1961cf05825	c3_unsolved_under_call_record_check
llm_c24a91cd9218	c3_unsolved_under_call_record_check
llm_c30c261f76a5	c3_unsolved_under_call_record_check
llm_c3df9c62fcba	c3_unsolved_under_call_record_check
llm_c55e10a8159c	c3_unsolved_under_call_record_check
llm_c71b9946989f	c3_unsolved_under_call_record_check
llm_cb8d0e7ab8f4	c3_unsolved_under_call_record_check
llm_cbfdd6eabb9d	c3_unsolved_under_call_record_check
llm_ccd6ecba6951	c3_unsolved_under_call_record_check
llm_cdce15c88864	c3_unsolved_under_call_record_check
llm_cf651ae85667	c3_unsolved_under_call_record_check
llm_cf75beb05bc1	c3_unsolved_under_call_record_check
llm_d08d34b149a5	c3_unsolved_under_call_record_check
llm_d1ab628b359a	c3_unsolved_under_call_record_check
llm_d1f9fb8ec228	c3_unsolved_under_call_record_check
llm_d22c343043b5	c3_unsolved_under_call_record_check
llm_d23b031d6f47	c3_unsolved_under_call_record_check
llm_d30a11b2141d	reference_call_record_failed
llm_d36ab9b20d64	c3_unsolved_under_call_record_check
llm_d4d1bc577a69	c3_unsolved_under_call_record_check
llm_d6dd290f1351	c3_unsolved_under_call_record_check
llm_d7719b7110b3	c3_unsolved_under_call_record_check
llm_d90e5f9d52ce	c3_unsolved_under_call_record_check
llm_d93b6155bf05	c3_unsolved_under_call_record_check
llm_d9e6a487033a	c3_unsolved_under_call_record_check
llm_da49dd376e1e	c3_unsolved_under_call_record_check
llm_dbbfb3754990	c3_unsolved_under_call_record_check
llm_dbf09ccf6919	c3_unsolved_under_call_record_check
llm_dfa29c97d48f	c3_unsolved_under_call_record_check
llm_e0b7a2047c56	c3_unsolved_under_call_record_check
llm_e0bbc7e69a3c	c3_unsolved_under_call_record_check
llm_e114c1e6e245	c3_unsolved_under_call_record_check
llm_e2645cdede55	c3_unsolved_under_call_record_check
llm_e2afca0559df	c3_unsolved_under_call_record_check
llm_e3109187f883	c3_unsolved_under_call_record_check
llm_e31a74aea4de	c3_unsolved_under_call_record_check
llm_e423f4ae28cf	c3_unsolved_under_call_record_check
llm_e4aec49593b0	c3_unsolved_under_call_record_check
llm_e66be278612b	c3_unsolved_under_call_record_check
llm_e8c81cdf065d	c3_unsolved_under_call_record_check
llm_ea2a17d78c9f	c3_unsolved_under_call_record_check
llm_eaeb22d60808	c3_unsolved_under_call_record_check
llm_ec7383d74978	c3_unsolved_under_call_record_check
llm_ed1aa07c2fbf	c3_unsolved_under_call_record_check
llm_ee01369d0328	c3_unsolved_under_call_record_check
llm_f0e047d6ded8	c3_unsolved_under_call_record_check
llm_f17398b368f9	c3_unsolved_under_call_record_check
llm_f22a3dcb557f	c3_unsolved_under_call_record_check
llm_f270c1b66650	c3_unsolved_under_call_record_check
llm_f2749c1f308a	c3_unsolved_under_call_record_check
llm_f48533e1cde3	c3_unsolved_under_call_record_check
llm_f594ce5d5793	c3_unsolved_under_call_record_check
llm_f627905cf8e0	c3_unsolved_under_call_record_check
llm_f69c9d713d3e	c3_unsolved_under_call_record_check
llm_f6e3760ab27e	c3_unsolved_under_call_record_check
llm_f6e9f488c53e	c3_unsolved_under_call_record_check
llm_f7d8e0180094	evaluation_unsafe
llm_f99a8ffc4348	c3_unsolved_under_call_record_check
llm_fa125a52dd14	c3_unsolved_under_call_record_check
llm_fb1d1f17876d	c3_unsolved_under_call_record_check
llm_fb551938abee	c3_unsolved_under_call_record_check
llm_fb6b0410af71	c3_unsolved_under_call_record_check
llm_fde90c8842cc	c3_unsolved_under_call_record_check
llm_fe3198761c84	c3_unsolved_under_call_record_check
llm_ff515040bda0	c3_unsolved_under_call_record_check
llm_ffa64c8c0c31	c3_unsolved_under_call_record_check
